{
  "majority_acc": 0.422613531047266,
  "tfidf_acc": 0.7951807228915663
}