{
  "majority_acc": 0.422613531047266,
  "tfidf_acc": 0.794253938832252
}