{"accuracy": [0.5832727551460266, 0.6823838353157043, 0.7218989729881287, 0.7396363615989685, 0.755393922328949, 0.7680808305740356, 0.7813737392425537, 0.7914747595787048, 0.8053333163261414, 0.8137778043746948, 0.8223434090614319, 0.8313535451889038, 0.8353131413459778, 0.8461009860038757, 0.8509898781776428, 0.8585858345031738, 0.8620606064796448, 0.8661010265350342, 0.8729696869850159, 0.8784646391868591, 0.88355553150177, 0.8871515393257141, 0.8920807838439941, 0.8946666717529297, 0.8969696760177612, 0.9039192199707031, 0.9046464562416077], "loss": [0.8304171562194824, 0.5956448912620544, 0.5097073912620544, 0.4667172133922577, 0.422101765871048, 0.39242297410964966, 0.36530011892318726, 0.34172749519348145, 0.32202640175819397, 0.30662745237350464, 0.2866055965423584, 0.2674034833908081, 0.26116564869880676, 0.24490542709827423, 0.2336934208869934, 0.2232300341129303, 0.21088679134845734, 0.20547114312648773, 0.19721636176109314, 0.18666015565395355, 0.17977063357830048, 0.17176055908203125, 0.17141054570674896, 0.16185520589351654, 0.15717104077339172, 0.1491830050945282, 0.14884024858474731], "val_accuracy": [0.6909340620040894, 0.7156593203544617, 0.7458791136741638, 0.7534340620040894, 0.7685439586639404, 0.7699176073074341, 0.7953296899795532, 0.786401093006134, 0.7960164546966553, 0.7960164546966553, 0.8083791136741638, 0.8008241653442383, 0.8063187003135681, 0.8090659379959106, 0.8131868243217468, 0.8159340620040894, 0.8125, 0.8228021860122681, 0.8207417726516724, 0.8166208863258362, 0.8131868243217468, 0.8241758346557617, 0.8241758346557617, 0.8159340620040894, 0.8241758346557617, 0.8152472376823425, 0.8131868243217468], "val_loss": [0.783459484577179, 0.7206307053565979, 0.6637653708457947, 0.6424264311790466, 0.6042804718017578, 0.597513735294342, 0.5659303069114685, 0.5660764575004578, 0.5720919966697693, 0.5972383618354797, 0.6042328476905823, 0.6063323020935059, 0.597022294998169, 0.6311633586883545, 0.5835190415382385, 0.6100432276725769, 0.6584535837173462, 0.596636950969696, 0.6232711672782898, 0.6700457334518433, 0.7652022242546082, 0.6646232008934021, 0.7315412163734436, 0.7180443406105042, 0.7365859150886536, 0.8068099617958069, 0.7809809446334839]}