{"accuracy": [0.36351513862609863, 0.4845656454563141], "loss": [1.4315303564071655, 1.1070488691329956], "val_accuracy": [0.5377747416496277, 0.526098906993866], "val_loss": [1.1549139022827148, 1.1059226989746094]}