{"accuracy": [0.5748282670974731, 0.6962828040122986, 0.7472323179244995, 0.7838383913040161, 0.8202424049377441, 0.8478384017944336, 0.8660606145858765, 0.8791515231132507, 0.899030327796936, 0.9088484644889832, 0.9144242405891418, 0.9237575531005859, 0.9294141530990601, 0.9369292855262756, 0.9428282976150513, 0.9445252418518066, 0.9512323141098022, 0.956161618232727, 0.9590303301811218, 0.9618989825248718, 0.9630706906318665, 0.9646464586257935, 0.9666262865066528, 0.9671111106872559, 0.9699798226356506, 0.9707070589065552, 0.9717575907707214, 0.9717980027198792, 0.9730908870697021], "loss": [0.8744965195655823, 0.5864956974983215, 0.4694446325302124, 0.38989007472991943, 0.31274452805519104, 0.2548367977142334, 0.22746774554252625, 0.19582776725292206, 0.16587477922439575, 0.1499795764684677, 0.14501821994781494, 0.1274728626012802, 0.11329872161149979, 0.0992165207862854, 0.0908932313323021, 0.0846550464630127, 0.07716459780931473, 0.06936736404895782, 0.0641106590628624, 0.05864826589822769, 0.05628422275185585, 0.05210721492767334, 0.04755833372473717, 0.047786954790353775, 0.042443178594112396, 0.04234793409705162, 0.039895616471767426, 0.04008008912205696, 0.03729090094566345], "val_accuracy": [0.6820054650306702, 0.7081043720245361, 0.7403846383094788, 0.7932692170143127, 0.7994505763053894, 0.8001373410224915, 0.8042582273483276, 0.8001373410224915, 0.8193681240081787, 0.8021978139877319, 0.8214285969734192, 0.8125, 0.8193681240081787, 0.8221153616905212, 0.8118131756782532, 0.8289835453033447, 0.8255494236946106, 0.8138736486434937, 0.8296703100204468, 0.8241758346557617, 0.8289835453033447, 0.8303571343421936, 0.8262362480163574, 0.8262362480163574, 0.8324176073074341, 0.8324176073074341, 0.8324176073074341, 0.8310439586639404, 0.8289835453033447], "val_loss": [0.7885738611221313, 0.7108191251754761, 0.6804004907608032, 0.5891703367233276, 0.63947594165802, 0.6988999247550964, 0.7500420808792114, 0.8062513470649719, 0.7897038459777832, 0.8689296841621399, 0.8361632823944092, 0.922602117061615, 0.9631972312927246, 0.9504691958427429, 1.1464262008666992, 1.0365333557128906, 1.08487069606781, 1.1862965822219849, 1.0884860754013062, 1.2446537017822266, 1.2623649835586548, 1.2777060270309448, 1.3355051279067993, 1.3232553005218506, 1.432344913482666, 1.3890435695648193, 1.3963209390640259, 1.4162416458129883, 1.4261574745178223]}