{"accuracy": [0.5749090909957886, 0.6957979798316956, 0.7464242577552795, 0.7839192152023315, 0.8196767568588257, 0.849535346031189, 0.8656161427497864, 0.8797979950904846, 0.8956363797187805, 0.9066666960716248, 0.9152323007583618, 0.9240000247955322, 0.9299393892288208, 0.9401212334632874, 0.9419394135475159, 0.9448888897895813, 0.9539797902107239, 0.95333331823349, 0.9576969742774963, 0.961696982383728, 0.9652121067047119, 0.9632323384284973, 0.9658181667327881, 0.9677979946136475, 0.9699394106864929, 0.9713535308837891, 0.9720808267593384, 0.9727676510810852, 0.9721212387084961, 0.9723636507987976], "loss": [0.8745187520980835, 0.5867298245429993, 0.469965398311615, 0.38978180289268494, 0.31275489926338196, 0.25501567125320435, 0.22830180823802948, 0.19941183924674988, 0.16929146647453308, 0.15327613055706024, 0.14207202196121216, 0.12158166617155075, 0.1135716363787651, 0.09928185492753983, 0.09370855987071991, 0.08556322008371353, 0.07518937438726425, 0.07197389751672745, 0.0657721534371376, 0.05776725336909294, 0.0542699471116066, 0.05586656183004379, 0.04958725348114967, 0.04656200110912323, 0.043880894780159, 0.04160831496119499, 0.0412103496491909, 0.03916485235095024, 0.03986393287777901, 0.03802712261676788], "val_accuracy": [0.6813187003135681, 0.7094780206680298, 0.7396978139877319, 0.7891483306884766, 0.7973901033401489, 0.8056318759918213, 0.791208803653717, 0.8063187003135681, 0.8015109896659851, 0.8118131756782532, 0.817307710647583, 0.8001373410224915, 0.8138736486434937, 0.817307710647583, 0.8186812996864319, 0.8228021860122681, 0.8228021860122681, 0.8262362480163574, 0.8241758346557617, 0.8255494236946106, 0.8262362480163574, 0.8282967209815979, 0.8289835453033447, 0.8282967209815979, 0.8289835453033447, 0.8331043720245361, 0.8344780206680298, 0.833791196346283, 0.8303571343421936, 0.8303571343421936], "val_loss": [0.7875955700874329, 0.7098020911216736, 0.6857187747955322, 0.5947006940841675, 0.6464577317237854, 0.6800388097763062, 0.7085631489753723, 0.7857987284660339, 0.8413752317428589, 0.8353316187858582, 0.815373957157135, 0.9127197265625, 0.9697500467300415, 1.052128791809082, 1.0675010681152344, 1.0495833158493042, 1.1422820091247559, 1.1103042364120483, 1.1546437740325928, 1.2300095558166504, 1.2731808423995972, 1.234735369682312, 1.278916358947754, 1.250047206878662, 1.3419827222824097, 1.3368735313415527, 1.3543870449066162, 1.359102725982666, 1.3653377294540405, 1.3656038045883179]}