{"accuracy": [0.5853333473205566, 0.6831515431404114, 0.7218989729881287, 0.7425050735473633, 0.7561212182044983, 0.769292950630188, 0.78448486328125, 0.7959191799163818, 0.8084444403648376, 0.8134949207305908, 0.824363648891449, 0.834343433380127, 0.8385454416275024, 0.8494545221328735, 0.8549494743347168, 0.8592727184295654, 0.8650504946708679, 0.8686464428901672, 0.8765252232551575, 0.8801616430282593, 0.8837575912475586, 0.8892121315002441, 0.8935757279396057, 0.900161623954773], "loss": [0.8283264636993408, 0.5940936207771301, 0.5079358220100403, 0.4625028371810913, 0.41920968890190125, 0.3898274600505829, 0.36315131187438965, 0.3375440239906311, 0.3177975118160248, 0.3036497235298157, 0.2792363166809082, 0.26214373111724854, 0.25318384170532227, 0.23990648984909058, 0.2267102301120758, 0.218612939119339, 0.20600931346416473, 0.19880470633506775, 0.19438837468624115, 0.18358372151851654, 0.17619766294956207, 0.1705242395401001, 0.16605709493160248, 0.1566721647977829], "val_accuracy": [0.7026098966598511, 0.7266483306884766, 0.7486263513565063, 0.7630494236946106, 0.7740384340286255, 0.7747252583503723, 0.7932692170143127, 0.7946428656578064, 0.8028846383094788, 0.8015109896659851, 0.8104395866394043, 0.807692289352417, 0.8152472376823425, 0.8145604133605957, 0.8145604133605957, 0.8200549483299255, 0.8138736486434937, 0.8186812996864319, 0.8248626589775085, 0.8186812996864319, 0.817307710647583, 0.817307710647583, 0.8166208863258362, 0.8138736486434937], "val_loss": [0.7797582149505615, 0.7167506814002991, 0.6505725979804993, 0.6234890222549438, 0.5927416682243347, 0.5951988101005554, 0.5623602271080017, 0.5556331872940063, 0.5578727722167969, 0.5747517347335815, 0.572321355342865, 0.5875280499458313, 0.5919817686080933, 0.617628812789917, 0.583508312702179, 0.6050029993057251, 0.6162713170051575, 0.6043468713760376, 0.635525107383728, 0.6650450825691223, 0.7207088470458984, 0.663473904132843, 0.7424322962760925, 0.7288005352020264]}