{"accuracy": [0.586545467376709, 0.6833939552307129, 0.7218989729881287, 0.73987877368927, 0.7555151581764221, 0.7688484787940979, 0.7818989753723145, 0.7943838238716125, 0.8054141402244568, 0.8130100965499878, 0.8245252370834351, 0.8335757851600647, 0.8355151414871216, 0.8460202217102051, 0.8501414060592651, 0.8594343662261963, 0.8638787865638733, 0.8701817989349365, 0.8740606307983398, 0.87943434715271, 0.8849697113037109], "loss": [0.8259156346321106, 0.5936102867126465, 0.5100287795066833, 0.4650651812553406, 0.4202883839607239, 0.39096301794052124, 0.3658297061920166, 0.3401406705379486, 0.31916844844818115, 0.3061169683933258, 0.2819485366344452, 0.2640553414821625, 0.256946861743927, 0.24266943335533142, 0.23327074944972992, 0.21764196455478668, 0.20781484246253967, 0.2047666311264038, 0.19370216131210327, 0.18715800344944, 0.17686741054058075], "val_accuracy": [0.6957417726516724, 0.7252747416496277, 0.7486263513565063, 0.7561812996864319, 0.7733516693115234, 0.771291196346283, 0.7918956279754639, 0.7953296899795532, 0.7980769276618958, 0.8035714030265808, 0.8138736486434937, 0.8125, 0.8111263513565063, 0.8090659379959106, 0.817307710647583, 0.8221153616905212, 0.8049450516700745, 0.8200549483299255, 0.8186812996864319, 0.8186812996864319, 0.8131868243217468], "val_loss": [0.7754931449890137, 0.7185676693916321, 0.6622376441955566, 0.6373409032821655, 0.6107597947120667, 0.606910765171051, 0.5661572813987732, 0.5724712610244751, 0.5692233443260193, 0.5732975006103516, 0.5789477229118347, 0.5944972038269043, 0.5908614993095398, 0.6472625136375427, 0.5714001655578613, 0.6100953221321106, 0.6521111726760864, 0.6237400770187378, 0.6837180852890015, 0.6540958881378174, 0.7556341886520386]}