{"accuracy": [0.3642828166484833, 0.4876767694950104], "loss": [1.4281914234161377, 1.1040118932724], "val_accuracy": [0.5357142686843872, 0.5267857313156128], "val_loss": [1.1531299352645874, 1.1059447526931763]}