{"accuracy": [0.5727676749229431, 0.695111095905304, 0.7458181977272034, 0.7846464514732361, 0.8184646368026733, 0.8461818099021912, 0.8665858507156372, 0.8831515312194824, 0.896686851978302], "loss": [0.8777787089347839, 0.5882686972618103, 0.46993935108184814, 0.38602426648139954, 0.31119221448898315, 0.25600817799568176, 0.22617651522159576, 0.19319599866867065, 0.16893555223941803], "val_accuracy": [0.6813187003135681, 0.7163461446762085, 0.7376373410224915, 0.791208803653717, 0.8035714030265808, 0.7987637519836426, 0.7980769276618958, 0.8015109896659851, 0.8021978139877319], "val_loss": [0.7857556939125061, 0.6918156147003174, 0.6770760416984558, 0.5824185609817505, 0.6297134757041931, 0.692441999912262, 0.7913054823875427, 0.807774543762207, 0.9250261187553406]}